<?xml version="1.0" encoding="UTF-8"?>
<project-private xmlns="http://www.netbeans.org/ns/project-private/1">
    <editor-bookmarks xmlns="http://www.netbeans.org/ns/editor-bookmarks/2" lastBookmarkId="0"/>
    <open-files xmlns="http://www.netbeans.org/ns/projectui-open-files/2">
        <group>
            <file>file:/D:/Juanjo/Downloads/Universidad/Ciclo%20VI/Modelamiento%20y%20analisis%20de%20software/Proyecto/Proyecto_SCR_Duarte/src/Pantallas/Principal.java</file>
            <file>file:/D:/Juanjo/Downloads/Universidad/Ciclo%20VI/Modelamiento%20y%20analisis%20de%20software/Proyecto/Proyecto_SCR_Duarte/src/Pantallas/RegistrarPedido.java</file>
            <file>file:/D:/Juanjo/Downloads/Universidad/Ciclo%20VI/Modelamiento%20y%20analisis%20de%20software/Proyecto/Proyecto_SCR_Duarte/src/Pantallas/Consultas.java</file>
            <file>file:/D:/Juanjo/Downloads/Universidad/Ciclo%20VI/Modelamiento%20y%20analisis%20de%20software/Proyecto/Proyecto_SCR_Duarte/src/Pantallas/FinalizarPedido.java</file>
            <file>file:/D:/Juanjo/Downloads/Universidad/Ciclo%20VI/Modelamiento%20y%20analisis%20de%20software/Proyecto/Proyecto_SCR_Duarte/src/Pantallas/PedidosFinalizados.java</file>
            <file>file:/D:/Juanjo/Downloads/Universidad/Ciclo%20VI/Modelamiento%20y%20analisis%20de%20software/Proyecto/Proyecto_SCR_Duarte/src/Pantallas/Pedidos.java</file>
            <file>file:/D:/Juanjo/Downloads/Universidad/Ciclo%20VI/Modelamiento%20y%20analisis%20de%20software/Proyecto/Proyecto_SCR_Duarte/src/Clases/Pedido.java</file>
            <file>file:/D:/Juanjo/Downloads/Universidad/Ciclo%20VI/Modelamiento%20y%20analisis%20de%20software/Proyecto/Proyecto_SCR_Duarte/src/Pantallas/Consultas2.java</file>
            <file>file:/D:/Juanjo/Downloads/Universidad/Ciclo%20VI/Modelamiento%20y%20analisis%20de%20software/Proyecto/Proyecto_SCR_Duarte/src/Pantallas/Login.java</file>
        </group>
    </open-files>
</project-private>
